id;Consider_construction;classification_Matti;classification_Claude;
1;industry – and an expanding Directory of industry resources. </s><s> Another attractive aspect for voice actors - and those considering a career in voice-overs - is the ability to sign up at VoiceOverXtra.com for free newsletters, reports and classifieds;non-evaluative;non-evaluative;SANT
2;personal style. </s><s> Making important contributions to art development and research of art history, Xiong Bingming was considered as one of the important representatives of overseas Chinese artists in the 20th century. </s><s> According to the curator of;evaluative;evaluative;SANT
3;. </s><s> The most important of these potential components are outlined subsequently to (a) reflect on the range of issues to be considered and (b) put the actual design into the perspective of addressing the veterans' social needs of economic and political;non-evaluative;non-evaluative;SANT
4;"and total energy consumption is proposed. </s><s> The integer programming model (Zhou & Zhong, 2005; Zhang & Jin, 2005) on considering the waiting time in train station and all the train travel time is established. </s><s> Fuzzy expected value model by fuzzy";non-evaluative;non-evaluative;SANT
5;"; hence the units for the expressions above will match accordingly. </s><s> We may also interpret S as a radian measure. </s><s> Let us consider both interpretations and the physical significance of each. </s><s> To begin, we use Planck's expression for length to";non-evaluative;non-evaluative;SANT
6;on Indian Air Force with nearly nearly 171 pilots losing their lives. </s><s> The crashes also killed nearly 40 civilians. </s><s> Once considered backbone of Indian fleet Russian-made MiG fighter jets have seen maximum number of accidents than any other aircraft. </s>;evaluative;evaluative;SANT
7;specific needs and goals. </s><s> Contact a member service consultant with any questions. </s><s> Burlington residents: If you are considering buying an electric bicycle, you may be able to save up to $200 by taking advantage of e-bike rebates offered by the;non-evaluative;non-evaluative;SANT
8;that the ADA and the Rehabilitation Act continue to apply to critical and essential workers, and that employers should consider requests for future accommodations pertaining to a time after employees who are on leave or working from home return to;non-evaluative;non-evaluative;SANT
9;on real flight plans. 3) Outline: In this article, we come back to a simpler problem in a more realistic environment. </s><s> We consider UAVs flying in the lower airspace (under FL180) and design various conflict scenarios with real recorded commercial;non-evaluative;non-evaluative;SANT
10;, so if you're in procurement, we'd be delighted to hear from you. </s><s> Wire a Phone Jack </s><s> Contents </s><s> Choose your location. </s><s> Consider the route the wire will take from the Network Interface on your house to the jack location. </s><s> Can it run on the outside walls;non-evaluative;non-evaluative;SANT
11;by the impending economical changes and what the future holds for the industry, blockchain and IOTA. </s><s> We're doing well considering the circumstances. </s><s> It's true that many of our partners are having a difficult time and we feel deeply for how it's;non-evaluative;non-evaluative;SANT
12;statute. </s><s> Bledsoe v. Bledsoe, 294 Md. 183, 448 A.2d 353 (1982). </s><s> In Maness, the Husband argued that the home could not be considered the family home because he and his wife had never lived in the home together. </s><s> The Wife moved into the home prior to the;evaluative;evaluative;SANT
13;you sleep. </s><s> Will Minoxidil Stain My Clothing? </s><s> Yes, minoxidil can stain clothing. </s><s> If staining is a major concern for you, consider switching up your morning routine. </s><s> Apply minoxidil early and let it dry fully before getting dressed to keep your;non-evaluative;non-evaluative;SANT
14;NACUBO recently submitted a letter to the Senate Finance Committee's Cost Recovery Taskforce, which is charged with considering the extension of the 179D Commercial Buildings Energy Efficiency Tax Deduction. </s><s> NACUBO encouraged lawmakers to;non-evaluative;non-evaluative;SANT
15;always be factors that remain unknown or unmeasured. </s><s> For this reason, where feasible and ethical, one should always consider incorporating randomization in study design. </s><s> Remember that randomized clinical trials do not just have to test;non-evaluative;non-evaluative;SANT
16;behind a multitude of 'fronts' they have done a masterful job of deception. </s><s> It would be extraordinarily naive to even consider the possibility that a family as ambitious, as cunning and as monopolistically minded as the Rothschilds could resist;non-evaluative;non-evaluative;SANT
17;returnable after order. promotional gift customized metal leaf led lapel pin badge </s><s> Adapting Your Home for Retirement </s><s> Consider these improvements to make your house more livable for yourself as you grow older. </s><s> * Install kitchen appliances at a;non-evaluative;non-evaluative;SANT
18;to the production process. </s><s> (The idea that a shark must keep swimming or risk death is a myth, but an amusing one to consider here.) Moving quickly from one musical task to the next can create its own momentum that lends itself immediately to an;non-evaluative;non-evaluative;SANT
19;, immediately begin involving the intern in the use of classroom curriculum guides, unit, and daily lesson planning, consider co-planning and co-teaching whenever possible. </s><s> During the first week, plan times to discuss the observations with;non-evaluative;non-evaluative;SANT
20;can get ready for opening. </s><s> Allowed to be open in all colours to launch but need to follow all workplace guidelines and consider recommendations based on colour zone. </s><s> Boating clubs are currently permitted to be open in all colour zones (subject to;non-evaluative;non-evaluative;SANT
21;I was obliged to lay off a week in the early part of the month. </s><s> We are trying to make arrangements to move to a part of the City considered by our Doctor much more healthy and I think I have at last found a house which at a little increase of rent will suit us. </s><s> We;evaluative;evaluative;SANT
22;", whose coefficients lie in suitable anisotropic H\""older spaces with multi-indices of regularity. </s><s> The first class considers a nonlinear system controlled by a symmetric stable operator acting only on some components. </s><s> Our method of proof";non-evaluative;non-evaluative;SANT
23;upon the park and the forest reserve, as to how it will affect the interests of the general public, as we must necessarily consider the interests of the general public in this matter, as well as those of the city of San Francisco. </s><s> Secretary Garfield. </s>;non-evaluative;non-evaluative;SANT
24;who seems reluctant to provide you with a legitimate vehicle history report or other details about the car you are considering . </s><s> Everything about a training engagement should be built around the before/after premise. </s><s> That is what training is all;non-evaluative;non-evaluative;SANT
25;"Associate Professor of English, University of Califormia at Riverside. </s><s> The ""trembling balance"" in Lawrence's work, considered either as theoretical system or in its phenomenological form, is characterized by the dynamic qualities of";evaluative;evaluative;SANT
26;India and China. </s><s> 5. </s><s> Laggards, those who switch only when they must. </s><s> Countries with adoptions rates greater than 85% are considered to have the majority of adopters in this category. </s><s> European Fintech Investment </s><s> Fintech's two biggest hurdles to;evaluative;evaluative;SANT
27;of practice is that a community of practice has a focus on shared learning. </s><s> Entrepreneurs of all sorts should consider taking part in communities of practice devoted to entrepreneurship like the Bootstrappers Breakfast. </s><s> B2B;non-evaluative;non-evaluative;SANT
28;a couple of days ago. </s><s> Aero had just taken away QBit's rawhide toy, and QBit had jumped up on the arm of my reading chair to consider his next move. </s><s> He's been very tolerant of the little guy's bad puppy manners, and plays vigorously when Aero wants to;non-evaluative;non-evaluative;SANT
29;steamboats often featured the portraits of U.S. presidents. </s><s> Warships had naval heroes and statesmen. </s><s> John Bellamy, considered one of the finest folk sculptors, produced fierce eagle figureheads of pine and gilded them for Navy ships. </s><s> Female;evaluative;evaluative;SANT
30;only if no overhead work including no pole climbing and no work from ladder or bucket truck. </s><s> Consider* Consider* Consider * Consider* Consider* </s><s> 2 Cable /Phone/Intercom Installation (Communication Equipment Installation) Limited;non-evaluative;?;FALSKT
31;liable to cause personal injury. </s><s> Collective control measures must be taken before individual control measures are considered ie construction of a safe work platform with adequate guardrails as opposed to an individual wearing a harness and;non-evaluative;non-evaluative;SANT
32;else. </s><s> Now I am working on a blog which details my early days in Numismatics, my attachment to our shop in New York, ( considered a collectors Club House by those who came to visit) , my relations with my partners which includes my father, my uncle, my;evaluative;evaluative;SANT
33;kinds of exposures are what your PR program is all about? </s><s> At the risk of becoming a skunk at this picnic, I suggest you consider broadening your public relations field-of-fire to where it best belongs, on your unit's key external stakeholder;non-evaluative;non-evaluative;SANT
34;to the handler or community. </s><s> Being related only with the characteristics mentioned in the response to letter a and b. </s><s> Considering the long-term, the contamination of the user of the system as well as contamination of the environment by the discharge;non-evaluative;non-evaluative;SANT
35;of this oil. </s><s> According to Hemp Line Journal, hemp oil contains both Omega 6 and Omega 3 in a ratio 3:1, and it was considered perfect by World Health Organization. </s><s> These fatty acids restore our health and improve the immune system. </s><s> By the way,;evaluative;evaluative;SANT
36;happen example essay descriptive free and act as another example of a more student dependence on problem solving, to be considered an important and pervasive topics in a family setting in an educational multi - faceted organisational problems. </s>;evaluative;evaluative;SANT
37;so that a management program can be put into action to give your dog the best possible quality of life. </s><s> If you are considering obtaining or already have maremmas or any other livestock guarding dogs consider the importance of strong healthy;non-evaluative;non-evaluative;SANT
38;, and now considered her close female friend to be the most important person in her life, so much so that they were considering formalising their relationship through a civil partnership, allowing them to benefit from the protections and;non-evaluative;non-evaluative;SANT
39;. </s><s> She was trespassing and pointing a rifle at him, and yet she was telling him to disarm himself when he belonged here? </s><s> He considered her attire: black cargo pants, a black windbreaker, and boots. </s><s> She didn't look like a half-crazed criminal or a hunter;non-evaluative;non-evaluative;SANT
40;a pretty slow start, but I didn't really mind the author laying the groundwork for character development, especially considering that it was a series with far more to follow. </s><s> About a hundred pages later, I realized that this wasn't just laying the;non-evaluative;non-evaluative;SANT
41;"will ensure you don't DRAIN YOUR BRAIN and make as many poor decisions. </s><s> There are many strategies and tricks to consider as you prepare for a game; reducing the amount of information you have to think about in the pregame phase can ensure your";non-evaluative;non-evaluative;SANT
42;a city rat, placed out in the country, feeding on everything it can find, including each other! </s><s> I think I would never consider eating one of those, outside of another survival course. </s><s> Mud carp on a stick and some of my wife's cooking. </s><s> Some bulbs;non-evaluative;non-evaluative;SANT
43;"of tense for the ruling tribe of a group of shape-shifting spirit-warriors to be the Russian tribe, because they would consider themselves the First Shamans: ""the Earth-Mother talked to us in the ice and the cold before she ever talked to you."" </s><s> So";evaluative;evaluative;SANT
44;alike, the Griptilian offers you the durability of a nylon handle and the unbelievable edge retention of an S30V blade. </s><s> Consider also the added strength given to the design of its modified sheepsfoot tip and you have a contender for the title of best;non-evaluative;non-evaluative;SANT
45;for our Fall volume (September publication). </s><s> Submissions received between July 1st and December 31st will be considered for our Spring volume (March publication). </s><s> Response time is up to 7 months: the duration of the reading period and one;non-evaluative;non-evaluative;SANT
46;(see para [18]). </s><s> 3 It may be sensible for the Department of Labour, which administers the Immigration Act 1987, to consider the development and adoption of a Code of Practice which could be published. </s><s> Such code could lay out the circumstances;non-evaluative;non-evaluative;SANT
47;"story by Alex based on the song ""Within Your Reach."" </s><s> If you like mixing music and crime fiction as much as Alex and I do, consider giving one of those books a try. </s><s> And if you do, be sure to let me know what you think at my website. *** Finally, a few links. </s><s> A";non-evaluative;non-evaluative;SANT
48;"... for instance, it is only partial collapse, it does not fall symmetrically, or with constant acceleration ... but consider this; there is no known example of fire causing steel frame hi-rise buildings to collapse, zilch, zero, none. </s><s> The";non-evaluative;non-evaluative;SANT
49;sure that your chosen model suits you in every way. </s><s> After you have decided on your golf putter size and weight it is time to consider its features. </s><s> There are two types of golf putters to hit different strikes. </s><s> Blade Putters have quite a traditional;non-evaluative;non-evaluative;SANT
50;"of ""newness"" as coming through us from the Holiness within us, rather than to us from ""a calendar"" in outer world. </s><s> We considered that the coming year will be perceived by us based upon the judgments we hold in mind. </s><s> We deepened this understanding";non-evaluative;evaluative;FALSKT
51;Olympic sailor and rugby international has finished his 12-year stint. </s><s> Blatter once told this writer that FIFA should consider adopting the Olympic system: but it was not one of the proposals to emerge from the protracted reform process of the last;non-evaluative;non-evaluative;SANT
52;to a fine grained study in which local information such as context-sensitive independence and determinism can be considered . </s><s> It also allows us to characterize more precisely the jump from tractability to NP-hardness and beyond, and to;non-evaluative;non-evaluative;SANT
53;it has all the amenities. </s><s> If you are looking for an all-inclusive vacation at a great location and are looking for value, consider this one. </s><s> We rate it 3-Stars. </s><s> Other popular excursions offered by the ship while in Nassau include: a City & Ardastra;non-evaluative;non-evaluative;SANT
54;of [nearly] all the judges considering the awarding of the brilliancy prize. </s><s> The other games that were being seriously considered for the brilliancy prize were also Fischer's! </s><s> The last men to win tournaments and also win the brilliancy prize to boot,;non-evaluative;non-evaluative;SANT
55;Senate approved the conference report with minor amendments on December 21. </s><s> At press time, the House was expected to consider the Senate amendments on December 22. </s><s> Get Paid to Take Surveys Online With the 3 Best Paid Survey Sites </s><s> You may have heard;non-evaluative;non-evaluative;SANT
56;for urban development, but requires further investigation </s><s> Falling into the red category means that the property is considered not suitable for urban development, due to planning constraints like ground conditions and features of the land. </s>;evaluative;evaluative;SANT
57;of its kind – for those who share the ideal of freedom, political democracy and the primacy of law, an ideal which must be considered in the light of its historical development and its aims. </s><s> What would be the point of public-law rights and principles;non-evaluative;evaluative;FALSKT
58;centers. </s><s> However, I feel much regret, shock and distress for the girls who are in the program and for those who would be considering on joining Job Corps in the future. </s><s> Before coming to Job Corps the future held little meaning for me. </s><s> I was a shy, quiet and;non-evaluative;non-evaluative;SANT
59;: A Critical Reader. </s><s> Afterall and Tate Publishing. </s><s> One Works is a series of books, each presenting a single work of art considered in detail by a single author. </s><s> The focus of the series is on contemporary art and its aim is to provoke debate about;non-evaluative;evaluative;FALSKT
60;"drew just under a page per day, but that depended on the amount of detail he puts in the picture. </s><s> Rosa's drawing style is considered much more detailed and ""dirtier"" than that of most Disney artists, living or dead, and often likened to that of";evaluative;evaluative;SANT
61;of Europe are expressed in terms of genealogy of mythical founders of the individual groups. </s><s> The Europeans were considered the descendants of Japheth from early times, corresponding to the division of the known world into three continents,;evaluative;evaluative;SANT
62;"had been held in the 1930s, it would have three participants: W.C. Young, Josephine Ball, and himself. </s><s> Beach also considered Ball a friend. </s><s> ^ Ball, Josephine (1926). </s><s> ""The Female Sex Cycle as a Factor in Learning in the Rat"". </s><s> American Journal of";evaluative;evaluative;SANT
63;) </s><s> I don't think so. </s><s> No one would bother buying any aircraft that inferior to F-15 otherwise. </s><s> Besides in 1995 F-4 was still considered combat-worthly. </s><s> Chief of Naval Operations 08:46, 25 February 2006 (UTC) </s><s> They got cover art from the american version;evaluative;evaluative;SANT
64;post academic questions which are intended to solve their homework or test problems on Engineers Edge forums. </s><s> This is considered plagiarism by most academic institutions and Engineers Edge Management. </s><s> Posts that are of academic homework or test;evaluative;evaluative;SANT
65;countries, such as Germany, China, Egypt, Spain, Russia, and etc. Grammatical knowledge of a language has always been considered to be the core of second language (L2) proficiency development. </s><s> Analysis of learners' errors, and the contexts in;evaluative;evaluative;SANT
66;number of platelets have been linked to an increased risk of all forms of cancer and scientists are now urging doctors to consider thrombocytosis as a detection method for patients who are yet to show symptoms. </s><s> TUV Rheinland was ordered to make a;non-evaluative;non-evaluative;SANT
67;need to pay for each program separately and it would almost always be prohibitively expensive. </s><s> EDP students may want to consider applying in the fall of their final year of their MSW program to the Day SPH program and complete them consecutively;non-evaluative;non-evaluative;SANT
68;<s> Measures approximately 11.5 in. x 11.75 in. x 2.75 in. </s><s> You don't have to take all AP courses your senior year in order to be considered well-rounded. </s><s> While you'll definitely want to do well in terms of grades and have a strong course load to show for, take;evaluative;evaluative;SANT
69;"it seem like he's doing everything for me, providing me a good life, and that I'm the one being selfish for asking him to consider me. </s><s> And those people who have claimed I am ""co-dependent"" when attempting to help me wade my way through the anger of";non-evaluative;non-evaluative;SANT
70;, about Margarito wearing that affliction, ed hardy shit...i gotta drop some knowledge. </s><s> In the U.S. this style is considered douchebag at its peak. </s><s> But South of the border, thats different. </s><s> Since 2007, all the heavy dope boys from sinaloa and;evaluative;evaluative;SANT
71;County Public school video, is only a ploy to divide us all again. </s><s> Those that fall for this false guidance need to consider the negative impact it has on our amazing kids in Escambia county. </s><s> We teach our students, of all races, to stand up for;non-evaluative;non-evaluative;SANT
72;"thing about the graphs: They include blue shaded areas for temperature and snowfall. </s><s> Those represent what you might consider the ""usual"" range for those measures. </s><s> (To be more specific, they represent one standard deviation for each measure.)";non-evaluative;non-evaluative;SANT
73;spend for a taxi service, you wish to make sure the car and motorist specifically the actual company might be reliable to consider an individual for your destination safely. </s><s> Read More... </s><s> Details for Summer Seductions! on Friday, July 16th, 2021 </s><s> Do;non-evaluative;non-evaluative;SANT
74;tend to be more successful than others. </s><s> Just keep in mind that at first, controlling tension can be hard. </s><s> You have to consider your greatest to stay affected individual because you may be rewarded eventually with having the capacity to greater;non-evaluative;non-evaluative;SANT
75;casinos. </s><s> If you like physical casino games but are concerned about the slot quality on these devices, you may want to consider downloading an iPhone app for free instead of signing up for a real money account. </s><s> The Android app store offers a large;non-evaluative;non-evaluative;SANT
76;), and two on theology (the Phaedrus and the Symposium). </s><s> The second cycle included the two perfect dialogues that were considered to encompass Plato's whole philosophy (In Tim. </s><s> I 13.14–17), namely, the Timaeus (on physics) and the Parmenides (on;non-evaluative;evaluative;FALSKT
77;to rate JV and that contract now. </s><s> You need to go back to how JV was pitching the 1st half.. </s><s> In July 2017 that contract was considered a big negative by most. </s><s> The only fact that counts is that no one claimed him. </s><s> That proves no one thought that contract was a;evaluative;evaluative;SANT
78;with legal officials, visits to agencies, and legal devices of all sorts in pursuit of government action, and we consider it necessary to resort to peaceable non-violent direct action involving acts of civil disobedience only when it;non-evaluative;non-evaluative;SANT
79;Emmanuel Collard and factory ace Nicklas Nielsen. </s><s> It's one of a number of full-season WEC entries that have to be considered favorites. </s><s> Also included in that is both of Team Project 1's full season Porsches. </s><s> The #56 is staffed by last year's GTE;evaluative;evaluative;SANT
80;People In Residential Care – a discussion about the importance of ensuring that a specific partnership strategy be considered regarding residential care in an Aboriginal context. </s><s> Unique Contexts and Geographies - a focus on how residential;non-evaluative;non-evaluative;SANT
81;for magmatic nickel, copper, platinum and palladium mineralisation. </s><s> The company says these features are also considered prospective for high-grade gold mineralisation along strike of the historical high-grade Star of Mangaroon gold;evaluative;evaluative;SANT
82;that we hold in our pockets is revolutionary, even though the lightning-fast exchange of information is now considered normal. </s><s> A small device in our pocket connects us to nations we have never been to and people we have never met. </s><s> This;evaluative;evaluative;SANT
83;the Program here, viewed as a whole, is even less susceptible to religious favoritism than the FEMA program we recently considered . </s><s> In the FEMA statutes, Congress made a value judgment that certain types of institutions--and only those;non-evaluative;non-evaluative;SANT
84;people think XYZ.' </s><s> If you feel a statistic is relevant then say 'Nearly two thirds' or 'Over half', or 'One in five' etc. </s><s> Consider who is being quoted. </s><s> If the individual's job title is heavily marketing or sales orientated it can be a turn-off for;non-evaluative;non-evaluative;SANT
85;more </s><s> Luiseno is a Uto-Aztecan language of Southern California. </s><s> It is closely related to Juaneno, which some linguists consider a dialect of Luiseno. </s><s> Only a few dozen elders still speak the Luiseno language fluently, but the tribe is working hard to;evaluative;evaluative;SANT
86;the nature of the external noise in the current study. </s><s> There is, nevertheless, an alternative explanation that we must consider . </s><s> A notable property of temporally localized noise is that it reduces temporal uncertainty, and the possibility of an;non-evaluative;non-evaluative;SANT
87;'ll be looking for grants to help fund the position for at least an additional year or two. </s><s> If you haven't already, please consider joining one or more of Kehilla's affinity groups! </s><s> And stay tuned for news about our new POC Organizer! </s><s> The Coordinating;non-evaluative;non-evaluative;SANT
88;, and charged before the officer commanding. </s><s> He considerately gave them a further remand for 24 hours to enable them to consider or reconsider their attitude. </s><s> This was on Friday: on Saturday they were again marched off and the four were tried;non-evaluative;non-evaluative;SANT
89;submission tools are likely to have your site penalized or banned altogether. </s><s> Very spammy and useless for seo value. </s><s> Considered a nuisance by search engines and other repositories due to repetitive persist settings. </s><s> 3. </s><s> Does prospective seo offer;evaluative;evaluative;SANT
90;they don't show much resemblance to the original monsters that went into them. </s><s> The next release for the PC Engine CD is considered the best. </s><s> Most noticeably, all the first-person dungeons are replaced with top-down ones and given more sensible;evaluative;evaluative;SANT
91;closer to foiling their plans: It's an easy way to keep the audience entranced. </s><s> The tightrope such films must walk is considering how terrible they make the circumstances – and these stakes are for the viewer's consideration. </s><s> If we are particularly;non-evaluative;non-evaluative;SANT
92;available for review by the public by request. </s><s> Councilperson Quinn stated the City is in remarkable financial shape considering the current pandemic's effect on the City. </s><s> Quinn commended the Finance Committee specifically Councilmember Snow;non-evaluative;non-evaluative;SANT
93;does not exist. </s><s> This Provider Policy is specified in the HREF attribute of the CODEBASE element of the .osd file </s><s> Consider the following scenario. </s><s> Your SoftGrid environment has multiple Provider Policies such as the Default Provider and a;non-evaluative;non-evaluative;SANT
94;aspiration to a feasible reality that adolescent refugees can take steps toward achieving. </s><s> We hope that you will consider working with us here at Ohio State or with the many other local Columbus organizations that aid with the refugee;non-evaluative;non-evaluative;SANT
95;similar to ibuprofen, and aspirin for a really long time are also inclined to suffer with this condition. </s><s> It is usually considered a good tip for a diet for hiatal hernia to eat water 30 minutes before or after a meal rather than during the meal. </s>;evaluative;evaluative;SANT
96;and cattle-shooting for amusement. </s><s> The president and his fellow Christian Zamboangueños' actions could not be considered heroic by any means, but was paralleled with that of the Moro Pirates with whom the fort of Real Fuerza de Nuestra Señora;evaluative;evaluative;SANT
97;taking place in the area. </s><s> The proposed disposal would support the wider regeneration of Kirkholt. </s><s> Alternatives considered : </s><s> The Council could choose not to be involved in this transaction, in which case it might not be possible for the CCG to;non-evaluative;non-evaluative;SANT
98;and to expand the amount and type of materials that the contractor will agree to pickup. </s><s> The Zoning Committee is considering a recommendation to amend the Zoning Ordinance to allow for native vegetation. </s><s> The Greensteps Committee has chosen to;non-evaluative;non-evaluative;SANT
99;talent. </s><s> I realize that sounds like a homer talking and thinking his team is better than it is.... but I really dont consider myself a homer at all. </s><s> I honestly do think we had the talent level to beat teams like the bobcats, cavs, nuggets, lakers,;evaluative;non-evaluative;FALSKT
100;you are interested in donating your time and expertise to promote community health and respond to emergencies, you may consider joining the Medical Reserve Corps (MRC). </s><s> The MRC is a national network of local groups of volunteers committed to;non-evaluative;non-evaluative;SANT
101;status as green belt land, and seeks clarification where this is not the case. </s><s> PP18042: The Scottish Government considers that, in order to accord with paragraph 141 of Scottish Planning Policy on the historic environment, the second;non-evaluative;evaluative;FALSKT